"Ngày","Lần cuối","Mở","Cao","Thấp","KL","% Thay đổi"
"28/06/2024","5,500.0","5,700.0","5,700.0","5,400.0","396.57K","-3.51%"
"27/06/2024","5,700.0","5,600.0","5,800.0","5,600.0","507.09K","1.79%"
"26/06/2024","5,600.0","5,800.0","5,800.0","5,600.0","504.78K","-1.75%"
"25/06/2024","5,700.0","5,800.0","5,900.0","5,600.0","371.16K","-3.39%"
"24/06/2024","5,900.0","6,000.0","6,100.0","5,700.0","477.66K","-1.67%"
"21/06/2024","6,000.0","5,800.0","6,000.0","5,600.0","757.66K","5.26%"
"20/06/2024","5,700.0","5,600.0","5,800.0","5,600.0","797.56K","1.79%"
"19/06/2024","5,600.0","5,800.0","5,900.0","5,500.0","796.09K","-3.45%"
"18/06/2024","5,800.0","5,500.0","6,000.0","5,500.0","850.33K","5.45%"
"17/06/2024","5,500.0","5,800.0","5,800.0","5,500.0","805.29K","-3.51%"
"14/06/2024","5,700.0","6,000.0","6,000.0","5,700.0","858.45K","-5.00%"
"13/06/2024","6,000.0","5,900.0","6,100.0","5,800.0","828.54K","1.69%"
"12/06/2024","5,900.0","6,000.0","6,100.0","5,800.0","621.94K","0.00%"
"11/06/2024","5,900.0","6,200.0","6,200.0","5,800.0","991.19K","-4.84%"
"10/06/2024","6,200.0","6,400.0","6,400.0","6,000.0","644.76K","-1.59%"
"07/06/2024","6,300.0","5,900.0","6,400.0","5,700.0","1.75M","6.78%"
"06/06/2024","5,900.0","6,200.0","6,400.0","5,600.0","1.87M","-4.84%"
"05/06/2024","6,200.0","6,200.0","6,700.0","6,200.0","1.22M","0.00%"
"04/06/2024","6,200.0","6,300.0","6,500.0","6,000.0","1.30M","-1.59%"
"03/06/2024","6,300.0","6,800.0","6,900.0","6,300.0","4.32M","-8.70%"
"31/05/2024","6,900.0","7,600.0","7,700.0","6,900.0","5.12M","-9.21%"
"30/05/2024","7,600.0","7,000.0","7,700.0","6,400.0","3.91M","8.57%"
"29/05/2024","7,000.0","7,700.0","7,700.0","6,900.0","2.41M","0.00%"
"28/05/2024","7,000.0","6,400.0","7,000.0","6,300.0","3.83M","9.38%"
"27/05/2024","6,400.0","6,500.0","6,800.0","6,200.0","1.05M","-1.54%"
"24/05/2024","6,500.0","6,000.0","6,500.0","5,900.0","1.90M","8.33%"
"23/05/2024","6,000.0","6,300.0","6,300.0","5,900.0","866.39K","-1.64%"
"22/05/2024","6,100.0","6,200.0","6,600.0","6,000.0","1.79M","0.00%"
"21/05/2024","6,100.0","5,700.0","6,100.0","5,700.0","1.98M","8.93%"
"20/05/2024","5,600.0","5,500.0","5,600.0","5,100.0","2.84M","9.80%"
"17/05/2024","5,100.0","5,500.0","5,500.0","5,000.0","2.96M","-1.92%"
"16/05/2024","5,200.0","5,300.0","5,700.0","5,200.0","2.12M","0.00%"
"15/05/2024","5,200.0","5,600.0","5,600.0","5,100.0","2.89M","-7.14%"
"14/05/2024","5,600.0","6,200.0","6,300.0","5,600.0","3.90M","-9.68%"
"13/05/2024","6,200.0","6,500.0","7,200.0","6,200.0","1.07M","-6.06%"
"10/05/2024","6,600.0","7,000.0","7,100.0","6,400.0","4.40M","-2.94%"
"09/05/2024","6,800.0","6,600.0","6,800.0","6,300.0","3.12M","9.68%"
"08/05/2024","6,200.0","5,700.0","6,200.0","5,600.0","1.41M","8.77%"
"07/05/2024","5,700.0","6,900.0","6,900.0","5,700.0","5.70M","-9.52%"
"06/05/2024","6,300.0","5,900.0","6,300.0","5,800.0","1.81M","8.62%"
"03/05/2024","5,800.0","5,300.0","5,800.0","5,100.0","3.17M","9.43%"
"02/05/2024","5,300.0","4,900.0","5,300.0","4,600.0","1.39M","8.16%"
"26/04/2024","4,900.0","4,600.0","4,900.0","4,400.0","1.01M","6.52%"
"25/04/2024","4,600.0","4,500.0","4,600.0","4,300.0","2.74M","9.52%"
"24/04/2024","4,200.0","4,000.0","4,200.0","3,900.0","2.51M","7.69%"
"23/04/2024","3,900.0","3,600.0","3,900.0","3,600.0","2.35M","8.33%"
"22/04/2024","3,600.0","3,300.0","3,600.0","3,300.0","979.91K","9.09%"
"19/04/2024","3,300.0","3,300.0","3,500.0","3,200.0","532.96K","0.00%"
"17/04/2024","3,300.0","3,000.0","3,300.0","3,000.0","722.26K","10.00%"
"16/04/2024","3,000.0","3,200.0","3,200.0","2,900.0","399.73K","-3.23%"
"15/04/2024","3,100.0","3,400.0","3,500.0","3,100.0","730.98K","-8.82%"
"12/04/2024","3,400.0","3,600.0","3,600.0","3,400.0","598.71K","-5.56%"
"11/04/2024","3,600.0","3,600.0","3,700.0","3,400.0","665.01K","0.00%"
"10/04/2024","3,600.0","3,600.0","3,900.0","3,500.0","1.07M","-2.70%"
"09/04/2024","3,700.0","3,600.0","3,800.0","3,300.0","2.59M","2.78%"
"08/04/2024","3,600.0","3,700.0","3,700.0","3,600.0","222.27K","-2.70%"
"05/04/2024","3,700.0","3,800.0","3,800.0","3,600.0","410.12K","-2.63%"
"04/04/2024","3,800.0","3,800.0","3,800.0","3,700.0","438.85K","0.00%"
"03/04/2024","3,800.0","3,800.0","3,900.0","3,700.0","672.60K","0.00%"
"02/04/2024","3,800.0","3,800.0","3,800.0","3,700.0","454.31K","2.70%"
"01/04/2024","3,700.0","3,700.0","3,800.0","3,700.0","593.56K","0.00%"
"29/03/2024","3,700.0","3,700.0","3,700.0","3,600.0","281.02K","0.00%"
"28/03/2024","3,700.0","3,700.0","3,800.0","3,600.0","384.08K","0.00%"
"27/03/2024","3,700.0","3,700.0","3,800.0","3,600.0","352.45K","2.78%"
"26/03/2024","3,600.0","3,700.0","3,800.0","3,600.0","223.89K","-2.70%"
"25/03/2024","3,700.0","3,700.0","3,800.0","3,700.0","563.01K","-2.63%"
"22/03/2024","3,800.0","3,800.0","3,800.0","3,700.0","319.41K","0.00%"
"21/03/2024","3,800.0","3,800.0","3,800.0","3,700.0","290.00K","0.00%"
"20/03/2024","3,800.0","3,700.0","3,800.0","3,700.0","81.70K","2.70%"
"19/03/2024","3,700.0","3,800.0","3,800.0","3,700.0","310.08K","-2.63%"
"18/03/2024","3,800.0","3,800.0","3,900.0","3,700.0","422.01K","0.00%"
"15/03/2024","3,800.0","3,800.0","3,800.0","3,700.0","283.01K","0.00%"
"14/03/2024","3,800.0","3,900.0","3,900.0","3,700.0","599.01K","-2.56%"
"13/03/2024","3,900.0","3,800.0","3,900.0","3,700.0","498.98K","5.41%"
"12/03/2024","3,700.0","3,800.0","3,800.0","3,700.0","66.93K","0.00%"
"11/03/2024","3,700.0","3,800.0","3,900.0","3,700.0","273.47K","-2.63%"
"08/03/2024","3,800.0","3,800.0","3,800.0","3,700.0","383.11K","0.00%"
"07/03/2024","3,800.0","3,800.0","3,900.0","3,800.0","196.26K","0.00%"
"06/03/2024","3,800.0","3,800.0","3,900.0","3,800.0","598.52K","0.00%"
"05/03/2024","3,800.0","3,800.0","3,900.0","3,800.0","312.61K","0.00%"
"04/03/2024","3,800.0","3,800.0","3,900.0","3,800.0","291.67K","0.00%"
"01/03/2024","3,800.0","3,900.0","3,900.0","3,800.0","598.35K","-2.56%"
"29/02/2024","3,900.0","3,900.0","4,000.0","3,800.0","673.19K","-2.50%"
"28/02/2024","4,000.0","3,900.0","4,000.0","3,800.0","300.87K","2.56%"
"27/02/2024","3,900.0","3,900.0","4,000.0","3,800.0","363.92K","0.00%"
"26/02/2024","3,900.0","3,900.0","4,000.0","3,800.0","199.22K","0.00%"
"23/02/2024","3,900.0","4,100.0","4,100.0","3,900.0","467.11K","-4.88%"
"22/02/2024","4,100.0","3,900.0","4,100.0","3,900.0","792.04K","5.13%"
"21/02/2024","3,900.0","3,900.0","4,000.0","3,900.0","302.29K","-2.50%"
"20/02/2024","4,000.0","3,900.0","4,000.0","3,800.0","383.35K","2.56%"
"19/02/2024","3,900.0","3,900.0","4,000.0","3,800.0","239.31K","0.00%"
"16/02/2024","3,900.0","3,800.0","4,000.0","3,800.0","244.33K","2.63%"
"15/02/2024","3,800.0","3,700.0","3,900.0","3,700.0","234.77K","2.70%"
"07/02/2024","3,700.0","3,700.0","3,900.0","3,700.0","186.44K","0.00%"
"06/02/2024","3,700.0","3,700.0","3,800.0","3,700.0","221.19K","0.00%"
"05/02/2024","3,700.0","3,700.0","3,800.0","3,700.0","142.32K","0.00%"
"02/02/2024","3,700.0","3,800.0","3,900.0","3,700.0","279.32K","-2.63%"
"01/02/2024","3,800.0","3,800.0","3,900.0","3,700.0","144.94K","0.00%"
"31/01/2024","3,800.0","3,800.0","3,900.0","3,700.0","314.02K","-2.56%"
"30/01/2024","3,900.0","3,900.0","3,900.0","3,700.0","336.06K","2.63%"
"29/01/2024","3,800.0","4,000.0","4,000.0","3,800.0","1.01M","-5.00%"
"26/01/2024","4,000.0","4,000.0","4,000.0","3,900.0","127.38K","0.00%"
"25/01/2024","4,000.0","3,900.0","4,000.0","3,900.0","95.06K","2.56%"
"24/01/2024","3,900.0","3,900.0","4,000.0","3,900.0","165.45K","0.00%"
"23/01/2024","3,900.0","4,000.0","4,000.0","3,900.0","279.03K","0.00%"
"22/01/2024","3,900.0","4,000.0","4,100.0","3,900.0","187.94K","-2.50%"
"19/01/2024","4,000.0","4,100.0","4,200.0","3,800.0","270.88K","-2.44%"
"18/01/2024","4,100.0","3,900.0","4,100.0","3,800.0","1.34M","7.89%"
"17/01/2024","3,800.0","3,800.0","3,900.0","3,800.0","244.92K","-2.56%"
"16/01/2024","3,900.0","3,800.0","3,900.0","3,700.0","155.89K","2.63%"
"15/01/2024","3,800.0","3,800.0","3,900.0","3,800.0","241.04K","2.70%"
"12/01/2024","3,700.0","3,900.0","4,000.0","3,700.0","538.54K","-7.50%"
"11/01/2024","4,000.0","4,000.0","4,000.0","3,800.0","253.02K","2.56%"
"10/01/2024","3,900.0","3,900.0","4,000.0","3,800.0","370.12K","0.00%"
"09/01/2024","3,900.0","4,000.0","4,100.0","3,900.0","1.06M","-2.50%"
"08/01/2024","4,000.0","4,000.0","4,100.0","4,000.0","156.52K","0.00%"
"05/01/2024","4,000.0","4,000.0","4,100.0","3,900.0","268.95K","0.00%"
"04/01/2024","4,000.0","4,000.0","4,100.0","4,000.0","1.09M","-2.44%"
"03/01/2024","4,100.0","4,000.0","4,100.0","4,000.0","182.77K","2.50%"
"02/01/2024","4,000.0","4,100.0","4,100.0","4,000.0","136.96K","-2.44%"
"29/12/2023","4,100.0","4,100.0","4,100.0","4,000.0","325.41K","2.50%"
"28/12/2023","4,000.0","4,100.0","4,200.0","4,000.0","618.52K","-2.44%"
"27/12/2023","4,100.0","4,200.0","4,200.0","3,900.0","678.56K","0.00%"
"26/12/2023","4,100.0","4,100.0","4,200.0","4,000.0","135.29K","0.00%"
"25/12/2023","4,100.0","4,200.0","4,200.0","4,000.0","685.34K","-2.38%"
"22/12/2023","4,200.0","4,200.0","4,300.0","4,200.0","105.67K","-2.33%"
"21/12/2023","4,300.0","4,300.0","4,300.0","4,100.0","150.93K","0.00%"
"20/12/2023","4,300.0","4,200.0","4,300.0","4,200.0","147.26K","2.38%"
"19/12/2023","4,200.0","4,300.0","4,400.0","4,200.0","291.31K","-2.33%"
"18/12/2023","4,300.0","4,200.0","4,300.0","4,200.0","158.24K","2.38%"
"15/12/2023","4,200.0","4,200.0","4,300.0","4,100.0","240.77K","0.00%"
"14/12/2023","4,200.0","4,300.0","4,300.0","4,200.0","184.60K","-2.33%"
"13/12/2023","4,300.0","4,200.0","4,400.0","4,200.0","175.44K","0.00%"
"12/12/2023","4,300.0","4,300.0","4,400.0","4,300.0","350.14K","0.00%"
"11/12/2023","4,300.0","4,300.0","4,500.0","4,200.0","329.78K","0.00%"
"08/12/2023","4,300.0","4,400.0","4,500.0","4,300.0","447.33K","0.00%"
"07/12/2023","4,300.0","4,300.0","4,500.0","4,200.0","1.18M","0.00%"
"06/12/2023","4,300.0","4,200.0","4,400.0","4,200.0","453.86K","2.38%"
"05/12/2023","4,200.0","4,200.0","4,300.0","4,100.0","301.15K","0.00%"
"04/12/2023","4,200.0","4,200.0","4,300.0","4,100.0","233.73K","2.44%"
"01/12/2023","4,100.0","4,200.0","4,200.0","4,100.0","260.06K","-2.38%"
"30/11/2023","4,200.0","4,200.0","4,300.0","4,100.0","120.75K","0.00%"
"29/11/2023","4,200.0","4,100.0","4,300.0","4,100.0","60.11K","2.44%"
"28/11/2023","4,100.0","4,100.0","4,200.0","4,000.0","217.49K","0.00%"
"27/11/2023","4,100.0","4,200.0","4,300.0","4,100.0","195.45K","-4.65%"
"24/11/2023","4,300.0","4,400.0","4,400.0","4,100.0","472.68K","-2.27%"
"23/11/2023","4,400.0","4,500.0","4,500.0","4,400.0","358.99K","0.00%"
"22/11/2023","4,400.0","4,400.0","4,600.0","4,300.0","955.12K","2.33%"
"21/11/2023","4,300.0","4,400.0","4,500.0","4,300.0","232.40K","-2.27%"
"20/11/2023","4,400.0","4,400.0","4,500.0","4,200.0","156.75K","0.00%"
"17/11/2023","4,400.0","4,400.0","4,600.0","4,300.0","495.14K","0.00%"
"16/11/2023","4,400.0","4,400.0","4,400.0","4,300.0","196.67K","0.00%"
"15/11/2023","4,400.0","4,400.0","4,600.0","4,300.0","245.35K","0.00%"
"14/11/2023","4,400.0","4,400.0","4,500.0","4,300.0","145.62K","0.00%"
"13/11/2023","4,400.0","4,400.0","4,500.0","4,300.0","140.34K","0.00%"
"10/11/2023","4,400.0","4,500.0","4,600.0","4,300.0","300.60K","-2.22%"
"09/11/2023","4,500.0","4,400.0","4,700.0","4,300.0","523.34K","2.27%"
"08/11/2023","4,400.0","4,100.0","4,400.0","4,100.0","343.22K","7.32%"
"07/11/2023","4,100.0","4,200.0","4,200.0","4,100.0","192.26K","-4.65%"
"06/11/2023","4,300.0","4,200.0","4,300.0","4,200.0","108.44K","2.38%"
"03/11/2023","4,200.0","4,400.0","4,400.0","4,200.0","215.88K","-4.55%"
"02/11/2023","4,400.0","4,000.0","4,400.0","4,000.0","335.44K","10.00%"
"01/11/2023","4,000.0","3,800.0","4,000.0","3,800.0","98.64K","5.26%"
"31/10/2023","3,800.0","3,900.0","4,000.0","3,800.0","199.84K","-2.56%"
"30/10/2023","3,900.0","4,000.0","4,000.0","3,900.0","121.75K","-2.50%"
"27/10/2023","4,000.0","4,000.0","4,000.0","3,900.0","198.54K","5.26%"
"26/10/2023","3,800.0","4,200.0","4,200.0","3,800.0","745.68K","-9.52%"
"25/10/2023","4,200.0","4,300.0","4,400.0","4,200.0","165.78K","-2.33%"
"24/10/2023","4,300.0","4,300.0","4,400.0","4,200.0","246.64K","0.00%"
"23/10/2023","4,300.0","4,400.0","4,400.0","4,200.0","311.00K","0.00%"
"20/10/2023","4,300.0","4,200.0","4,300.0","3,900.0","273.98K","4.88%"
"19/10/2023","4,100.0","4,200.0","4,300.0","3,900.0","270.76K","-2.38%"
"18/10/2023","4,200.0","4,400.0","4,500.0","4,100.0","337.94K","-4.55%"
"17/10/2023","4,400.0","4,500.0","4,600.0","4,400.0","138.14K","-2.22%"
"16/10/2023","4,500.0","4,600.0","4,600.0","4,400.0","275.90K","-2.17%"
"13/10/2023","4,600.0","4,600.0","4,600.0","4,500.0","203.00K","0.00%"
"12/10/2023","4,600.0","4,800.0","4,800.0","4,600.0","310.27K","-2.13%"
"11/10/2023","4,700.0","4,700.0","4,700.0","4,500.0","254.57K","0.00%"
"10/10/2023","4,700.0","4,500.0","4,800.0","4,400.0","495.41K","4.44%"
"09/10/2023","4,500.0","4,300.0","4,500.0","4,300.0","242.80K","4.65%"
"06/10/2023","4,300.0","4,400.0","4,500.0","4,200.0","414.51K","-2.27%"
"05/10/2023","4,400.0","4,500.0","4,600.0","4,400.0","443.65K","0.00%"
"04/10/2023","4,400.0","4,500.0","4,600.0","4,300.0","617.88K","-2.22%"
"03/10/2023","4,500.0","4,900.0","4,900.0","4,500.0","446.30K","-8.16%"
"02/10/2023","4,900.0","4,900.0","5,000.0","4,800.0","190.77K","0.00%"
"29/09/2023","4,900.0","4,800.0","5,000.0","4,800.0","264.60K","2.08%"
"28/09/2023","4,800.0","4,800.0","4,900.0","4,600.0","319.17K","2.13%"
"27/09/2023","4,700.0","4,700.0","4,800.0","4,500.0","402.16K","0.00%"
"26/09/2023","4,700.0","4,800.0","5,000.0","4,600.0","714.19K","-2.08%"
"25/09/2023","4,800.0","5,400.0","5,400.0","4,800.0","663.13K","-9.43%"
"22/09/2023","5,300.0","5,700.0","5,700.0","5,200.0","1.52M","-7.02%"
"21/09/2023","5,700.0","5,900.0","5,900.0","5,600.0","776.65K","-1.72%"
"20/09/2023","5,800.0","5,700.0","5,900.0","5,600.0","446.79K","3.57%"
"19/09/2023","5,600.0","5,800.0","5,900.0","5,600.0","584.76K","-3.45%"
"18/09/2023","5,800.0","5,700.0","5,900.0","5,700.0","598.43K","0.00%"
"15/09/2023","5,800.0","5,900.0","6,000.0","5,700.0","591.32K","-1.69%"
"14/09/2023","5,900.0","6,000.0","6,000.0","5,800.0","644.07K","-1.67%"
"13/09/2023","6,000.0","6,200.0","6,300.0","5,900.0","1.44M","-3.23%"
"12/09/2023","6,200.0","6,000.0","6,200.0","5,900.0","594.35K","3.33%"
"11/09/2023","6,000.0","6,400.0","6,500.0","6,000.0","921.18K","-6.25%"
"08/09/2023","6,400.0","6,200.0","6,500.0","6,100.0","1.89M","3.23%"
"07/09/2023","6,200.0","6,200.0","6,400.0","6,100.0","1.07M","0.00%"
"06/09/2023","6,200.0","6,500.0","6,500.0","6,100.0","1.05M","-1.59%"
"05/09/2023","6,300.0","5,800.0","6,300.0","5,800.0","1.47M","8.62%"
"31/08/2023","5,800.0","5,800.0","5,900.0","5,700.0","999.00K","0.00%"
"30/08/2023","5,800.0","5,800.0","5,900.0","5,700.0","631.08K","0.00%"
"29/08/2023","5,800.0","5,800.0","6,000.0","5,800.0","917.33K","0.00%"
"28/08/2023","5,800.0","5,800.0","5,800.0","5,600.0","754.13K","1.75%"
"25/08/2023","5,700.0","5,900.0","5,900.0","5,700.0","731.58K","-3.39%"
"24/08/2023","5,900.0","5,900.0","5,900.0","5,700.0","727.77K","1.72%"
"23/08/2023","5,800.0","5,800.0","5,900.0","5,700.0","303.14K","0.00%"
"22/08/2023","5,800.0","5,700.0","5,900.0","5,400.0","1.15M","0.00%"
"21/08/2023","5,800.0","6,000.0","6,100.0","5,700.0","654.79K","-3.33%"
"18/08/2023","6,000.0","6,600.0","6,600.0","6,000.0","1.94M","-9.09%"
"17/08/2023","6,600.0","6,800.0","6,900.0","6,600.0","1.42M","-2.94%"
"16/08/2023","6,800.0","7,100.0","7,100.0","6,700.0","1.15M","-2.86%"
"15/08/2023","7,000.0","6,900.0","7,400.0","6,800.0","2.28M","1.45%"
"14/08/2023","6,900.0","6,900.0","7,000.0","6,700.0","1.84M","0.00%"
"11/08/2023","6,900.0","6,700.0","7,000.0","6,600.0","1.44M","2.99%"
"10/08/2023","6,700.0","6,900.0","7,200.0","6,700.0","1.23M","-2.90%"
"09/08/2023","6,900.0","6,700.0","6,900.0","6,600.0","901.97K","2.99%"
"08/08/2023","6,700.0","6,900.0","7,100.0","6,700.0","1.81M","-1.47%"
"07/08/2023","6,800.0","6,700.0","6,900.0","6,700.0","1.05M","1.49%"
"04/08/2023","6,700.0","6,500.0","6,700.0","6,500.0","1.24M","3.08%"
"03/08/2023","6,500.0","6,800.0","6,800.0","6,400.0","1.06M","-2.99%"
"02/08/2023","6,700.0","6,500.0","6,700.0","6,300.0","1.15M","3.08%"
"01/08/2023","6,500.0","7,200.0","7,300.0","6,500.0","2.63M","-9.72%"
"31/07/2023","7,200.0","6,900.0","7,500.0","6,900.0","1.93M","4.35%"
"28/07/2023","6,900.0","6,300.0","6,900.0","6,300.0","4.26M","9.52%"
"27/07/2023","6,300.0","6,100.0","6,400.0","6,000.0","1.61M","3.28%"
"26/07/2023","6,100.0","6,100.0","6,100.0","6,000.0","431.95K","0.00%"
"25/07/2023","6,100.0","6,300.0","6,500.0","6,100.0","1.34M","-1.61%"
"24/07/2023","6,200.0","6,000.0","6,200.0","5,900.0","1.36M","3.33%"
"21/07/2023","6,000.0","5,900.0","6,100.0","5,900.0","588.60K","1.69%"
"20/07/2023","5,900.0","5,900.0","6,000.0","5,700.0","461.07K","0.00%"
"19/07/2023","5,900.0","6,100.0","6,300.0","5,900.0","953.35K","-3.28%"
"18/07/2023","6,100.0","6,400.0","6,400.0","6,100.0","517.80K","-3.17%"
"17/07/2023","6,300.0","6,200.0","6,400.0","6,100.0","1.72M","1.61%"
"14/07/2023","6,200.0","6,200.0","6,400.0","6,000.0","438.74K","0.00%"
"13/07/2023","6,200.0","6,000.0","6,200.0","6,000.0","1.16M","3.33%"
"12/07/2023","6,000.0","6,100.0","6,300.0","5,900.0","529.06K","-1.64%"
"11/07/2023","6,100.0","6,000.0","6,300.0","5,900.0","1.52M","3.39%"
"10/07/2023","5,900.0","5,700.0","5,900.0","5,600.0","783.77K","5.36%"
"07/07/2023","5,600.0","5,600.0","5,700.0","5,500.0","395.00K","0.00%"
"06/07/2023","5,600.0","5,700.0","5,700.0","5,500.0","293.39K","0.00%"
"05/07/2023","5,600.0","5,800.0","5,900.0","5,600.0","655.38K","-3.45%"
"04/07/2023","5,800.0","5,600.0","5,800.0","5,500.0","353.86K","5.45%"
"03/07/2023","5,500.0","5,400.0","5,700.0","5,300.0","269.93K","1.85%"
"30/06/2023","5,400.0","5,500.0","5,600.0","5,400.0","359.72K","-1.82%"
"29/06/2023","5,500.0","5,800.0","5,900.0","5,500.0","1.15M","-6.78%"
"28/06/2023","5,900.0","6,000.0","6,200.0","5,900.0","587.97K","-1.67%"
"27/06/2023","6,000.0","6,000.0","6,100.0","5,800.0","420.20K","0.00%"
"26/06/2023","6,000.0","6,300.0","6,300.0","5,700.0","879.08K","-4.76%"
"23/06/2023","6,300.0","6,200.0","6,400.0","6,100.0","867.87K","1.61%"
"22/06/2023","6,200.0","6,200.0","6,400.0","6,100.0","884.81K","0.00%"
"21/06/2023","6,200.0","6,100.0","6,300.0","6,000.0","591.23K","1.64%"
"20/06/2023","6,100.0","5,800.0","6,200.0","5,600.0","1.11M","5.17%"
"19/06/2023","5,800.0","6,200.0","6,300.0","5,800.0","997.13K","-6.45%"
"16/06/2023","6,200.0","6,300.0","6,700.0","6,100.0","1.26M","0.00%"
"15/06/2023","6,200.0","6,200.0","6,400.0","6,000.0","852.69K","-1.59%"
"14/06/2023","6,300.0","6,700.0","6,800.0","6,000.0","1.51M","-4.55%"
"13/06/2023","6,600.0","7,000.0","7,000.0","6,500.0","921.72K","-4.35%"
"12/06/2023","6,900.0","6,400.0","6,900.0","6,200.0","1.52M","9.52%"
"09/06/2023","6,300.0","6,400.0","6,400.0","6,100.0","1.01M","-1.56%"
"08/06/2023","6,400.0","6,700.0","7,000.0","6,100.0","1.53M","0.00%"
"07/06/2023","6,400.0","6,400.0","6,400.0","6,200.0","1.85M","8.47%"
"06/06/2023","5,900.0","5,400.0","5,900.0","5,300.0","1.18M","9.26%"
"05/06/2023","5,400.0","5,600.0","5,800.0","5,300.0","866.21K","-3.57%"
"02/06/2023","5,600.0","5,900.0","6,000.0","5,500.0","1.07M","-5.08%"
"01/06/2023","5,900.0","5,700.0","5,900.0","5,700.0","900.41K","3.51%"
"31/05/2023","5,700.0","5,700.0","5,900.0","5,600.0","1.34M","0.00%"
"30/05/2023","5,700.0","5,800.0","5,800.0","5,300.0","1.17M","3.64%"
"29/05/2023","5,500.0","5,300.0","5,500.0","5,200.0","1.24M","10.00%"
"26/05/2023","5,000.0","4,600.0","5,000.0","4,600.0","1.54M","8.70%"
"25/05/2023","4,600.0","4,600.0","4,600.0","4,500.0","432.09K","0.00%"
"24/05/2023","4,600.0","4,500.0","4,700.0","4,500.0","268.25K","2.22%"
"23/05/2023","4,500.0","4,400.0","4,600.0","4,400.0","135.33K","2.27%"
"22/05/2023","4,400.0","4,500.0","4,600.0","4,400.0","215.80K","-2.22%"
"19/05/2023","4,500.0","4,500.0","4,600.0","4,400.0","188.23K","0.00%"
"18/05/2023","4,500.0","4,500.0","4,700.0","4,500.0","226.46K","-2.17%"
"17/05/2023","4,600.0","4,700.0","4,700.0","4,500.0","374.88K","0.00%"
"16/05/2023","4,600.0","4,600.0","4,800.0","4,500.0","252.24K","0.00%"
"15/05/2023","4,600.0","4,700.0","4,900.0","4,600.0","526.83K","0.00%"
"12/05/2023","4,600.0","4,500.0","4,800.0","4,500.0","544.82K","2.22%"
"11/05/2023","4,500.0","4,600.0","4,800.0","4,500.0","314.95K","-2.17%"
"10/05/2023","4,600.0","4,400.0","4,700.0","4,400.0","683.26K","4.55%"
"09/05/2023","4,400.0","4,300.0","4,400.0","4,200.0","272.52K","2.33%"
"08/05/2023","4,300.0","4,200.0","4,300.0","4,100.0","262.89K","2.38%"
"05/05/2023","4,200.0","4,200.0","4,300.0","4,100.0","239.77K","-2.33%"
"04/05/2023","4,300.0","4,300.0","4,300.0","4,100.0","107.36K","0.00%"
"28/04/2023","4,300.0","4,200.0","4,300.0","4,100.0","138.31K","2.38%"
"27/04/2023","4,200.0","4,200.0","4,200.0","4,100.0","139.20K","0.00%"
"26/04/2023","4,200.0","4,200.0","4,300.0","4,100.0","62.76K","0.00%"
"25/04/2023","4,200.0","4,200.0","4,300.0","4,100.0","94.37K","0.00%"
"24/04/2023","4,200.0","4,300.0","4,300.0","4,100.0","219.85K","-2.33%"
"21/04/2023","4,300.0","4,400.0","4,400.0","4,200.0","117.58K","-2.27%"
"20/04/2023","4,400.0","4,300.0","4,400.0","4,200.0","52.31K","2.33%"
"19/04/2023","4,300.0","4,400.0","4,400.0","4,300.0","106.03K","-2.27%"
"18/04/2023","4,400.0","4,500.0","4,500.0","4,400.0","146.42K","0.00%"
"17/04/2023","4,400.0","4,400.0","4,600.0","4,300.0","429.27K","0.00%"
"14/04/2023","4,400.0","4,400.0","4,500.0","4,300.0","288.73K","0.00%"
"13/04/2023","4,400.0","4,500.0","4,500.0","4,400.0","155.63K","-2.22%"
"12/04/2023","4,500.0","4,500.0","4,500.0","4,400.0","193.70K","2.27%"
"11/04/2023","4,400.0","4,600.0","4,600.0","4,300.0","240.47K","-2.22%"
"10/04/2023","4,500.0","4,500.0","4,700.0","4,400.0","486.88K","2.27%"
"07/04/2023","4,400.0","4,500.0","4,700.0","4,400.0","397.50K","-2.22%"
"06/04/2023","4,500.0","4,500.0","4,800.0","4,400.0","975.75K","2.27%"
"05/04/2023","4,400.0","4,200.0","4,400.0","4,100.0","638.72K","2.33%"
"04/04/2023","4,300.0","4,300.0","4,300.0","4,100.0","261.16K","2.38%"
"03/04/2023","4,200.0","3,900.0","4,200.0","3,800.0","919.13K","7.69%"
"31/03/2023","3,900.0","3,900.0","3,900.0","3,800.0","189.34K","0.00%"
"30/03/2023","3,900.0","3,900.0","4,000.0","3,800.0","117.71K","0.00%"
"29/03/2023","3,900.0","3,900.0","3,900.0","3,800.0","78.10K","2.63%"
"28/03/2023","3,800.0","3,800.0","4,000.0","3,800.0","205.50K","0.00%"
"27/03/2023","3,800.0","3,900.0","3,900.0","3,800.0","65.23K","0.00%"
"24/03/2023","3,800.0","3,800.0","3,900.0","3,700.0","118.14K","2.70%"
"23/03/2023","3,700.0","3,700.0","3,900.0","3,700.0","73.07K","-2.63%"
"22/03/2023","3,800.0","3,800.0","3,900.0","3,800.0","75.36K","0.00%"
"21/03/2023","3,800.0","3,800.0","3,900.0","3,700.0","58.14K","-2.56%"
"20/03/2023","3,900.0","4,000.0","4,000.0","3,700.0","143.38K","0.00%"
"17/03/2023","3,900.0","4,000.0","4,000.0","3,800.0","59.67K","-2.50%"
"16/03/2023","4,000.0","3,900.0","4,000.0","3,800.0","57.93K","2.56%"
"15/03/2023","3,900.0","3,800.0","4,000.0","3,800.0","111.74K","2.63%"
"14/03/2023","3,800.0","3,900.0","4,000.0","3,800.0","203.22K","-5.00%"
"13/03/2023","4,000.0","4,000.0","4,000.0","3,800.0","165.10K","0.00%"
"10/03/2023","4,000.0","4,000.0","4,000.0","3,900.0","50.61K","0.00%"
"09/03/2023","4,000.0","4,000.0","4,100.0","3,900.0","195.58K","0.00%"
"08/03/2023","4,000.0","4,000.0","4,000.0","3,800.0","246.98K","0.00%"
"07/03/2023","4,000.0","4,000.0","4,100.0","3,900.0","80.97K","0.00%"
"06/03/2023","4,000.0","3,900.0","4,200.0","3,900.0","237.78K","2.56%"
"03/03/2023","3,900.0","3,800.0","4,000.0","3,800.0","171.08K","2.63%"
"02/03/2023","3,800.0","3,900.0","4,000.0","3,800.0","184.00K","-2.56%"
"01/03/2023","3,900.0","3,900.0","4,000.0","3,800.0","162.13K","0.00%"
"28/02/2023","3,900.0","4,000.0","4,100.0","3,900.0","393.86K","-2.50%"
"27/02/2023","4,000.0","4,100.0","4,100.0","3,900.0","328.17K","-2.44%"
"24/02/2023","4,100.0","4,200.0","4,300.0","4,100.0","266.49K","-2.38%"
"23/02/2023","4,200.0","4,300.0","4,300.0","4,100.0","316.46K","-2.33%"
"22/02/2023","4,300.0","4,500.0","4,500.0","4,300.0","370.24K","-4.44%"
"21/02/2023","4,500.0","4,600.0","4,600.0","4,400.0","309.60K","0.00%"
"20/02/2023","4,500.0","4,300.0","4,500.0","4,300.0","617.30K","4.65%"
"17/02/2023","4,300.0","4,200.0","4,500.0","4,200.0","259.14K","2.38%"
"16/02/2023","4,200.0","4,400.0","4,400.0","4,200.0","367.66K","-2.33%"
"15/02/2023","4,300.0","4,400.0","4,400.0","4,100.0","289.83K","0.00%"
"14/02/2023","4,300.0","4,300.0","4,300.0","4,100.0","195.71K","2.38%"
"13/02/2023","4,200.0","4,400.0","4,400.0","4,100.0","463.75K","-4.55%"
"10/02/2023","4,400.0","4,600.0","4,600.0","4,400.0","390.10K","-2.22%"
"09/02/2023","4,500.0","4,600.0","4,700.0","4,500.0","314.80K","-4.26%"
"08/02/2023","4,700.0","4,800.0","4,900.0","4,400.0","828.76K","0.00%"
"07/02/2023","4,700.0","4,900.0","5,000.0","4,700.0","384.52K","-6.00%"
"06/02/2023","5,000.0","4,800.0","5,000.0","4,700.0","287.63K","2.04%"
"03/02/2023","4,900.0","4,900.0","5,100.0","4,800.0","486.52K","0.00%"
"02/02/2023","4,900.0","5,300.0","5,500.0","4,800.0","377.09K","-7.55%"
"01/02/2023","5,300.0","4,800.0","5,300.0","4,800.0","1.37M","8.16%"
"31/01/2023","4,900.0","4,900.0","5,000.0","4,700.0","442.16K","0.00%"
"30/01/2023","4,900.0","4,700.0","5,000.0","4,600.0","369.89K","4.26%"
"27/01/2023","4,700.0","4,800.0","5,100.0","4,700.0","221.80K","-2.08%"
"19/01/2023","4,800.0","4,800.0","4,800.0","4,600.0","178.45K","2.13%"
"18/01/2023","4,700.0","4,400.0","4,800.0","4,400.0","280.57K","4.44%"
"17/01/2023","4,500.0","4,400.0","4,500.0","4,300.0","175.99K","4.65%"
"16/01/2023","4,300.0","4,400.0","4,500.0","4,300.0","127.73K","-2.27%"
"13/01/2023","4,400.0","4,500.0","4,600.0","4,400.0","78.49K","0.00%"
"12/01/2023","4,400.0","4,600.0","4,600.0","4,300.0","126.00K","0.00%"
"11/01/2023","4,400.0","4,400.0","4,700.0","4,300.0","202.17K","-2.22%"
"10/01/2023","4,500.0","4,300.0","4,500.0","4,300.0","103.58K","0.00%"
"09/01/2023","4,500.0","4,300.0","4,700.0","4,300.0","37.76K","4.65%"
"06/01/2023","4,300.0","4,600.0","4,800.0","4,300.0","312.07K","-8.51%"
"05/01/2023","4,700.0","4,700.0","4,900.0","4,600.0","89.66K","-2.08%"
"04/01/2023","4,800.0","4,700.0","5,000.0","4,600.0","235.53K","2.13%"
"03/01/2023","4,700.0","4,200.0","4,700.0","4,200.0","212.77K","9.30%"
"30/12/2022","4,300.0","4,300.0","4,400.0","4,200.0","94.48K","0.00%"
"29/12/2022","4,300.0","4,300.0","4,500.0","4,200.0","36.67K","0.00%"
"28/12/2022","4,300.0","4,400.0","4,800.0","4,300.0","68.87K","-4.44%"
"27/12/2022","4,500.0","4,100.0","4,500.0","3,700.0","183.60K","9.76%"
"26/12/2022","4,100.0","4,500.0","4,500.0","4,100.0","131.00K","-8.89%"
"23/12/2022","4,500.0","4,800.0","4,800.0","4,500.0","65.34K","-6.25%"
"22/12/2022","4,800.0","4,900.0","5,100.0","4,600.0","80.85K","-2.04%"
"21/12/2022","4,900.0","4,700.0","5,100.0","4,500.0","322.22K","-2.00%"
"20/12/2022","5,000.0","5,200.0","5,500.0","4,800.0","314.04K","-3.85%"
"19/12/2022","5,200.0","5,400.0","5,500.0","5,200.0","270.89K","-3.70%"
"16/12/2022","5,400.0","5,300.0","5,600.0","5,200.0","109.77K","0.00%"
"15/12/2022","5,400.0","5,200.0","5,600.0","5,200.0","139.08K","1.89%"
"14/12/2022","5,300.0","5,000.0","5,500.0","5,000.0","311.88K","6.00%"
"13/12/2022","5,000.0","5,000.0","5,200.0","4,600.0","290.62K","0.00%"
"12/12/2022","5,000.0","5,300.0","5,700.0","5,000.0","499.68K","-5.66%"
"09/12/2022","5,300.0","5,500.0","5,500.0","5,100.0","154.31K","-3.64%"
"08/12/2022","5,500.0","4,600.0","5,500.0","4,600.0","302.14K","10.00%"
"07/12/2022","5,000.0","5,000.0","5,300.0","5,000.0","332.84K","-9.09%"
"06/12/2022","5,500.0","6,100.0","6,100.0","5,500.0","510.89K","-9.84%"
"05/12/2022","6,100.0","5,800.0","6,200.0","5,800.0","298.86K","5.17%"
"02/12/2022","5,800.0","5,500.0","5,900.0","5,100.0","461.52K","5.45%"
"01/12/2022","5,500.0","5,400.0","5,500.0","5,200.0","549.16K","10.00%"
"30/11/2022","5,000.0","4,700.0","5,000.0","4,600.0","511.27K","8.70%"
"29/11/2022","4,600.0","4,600.0","4,600.0","4,100.0","391.36K","9.52%"
"28/11/2022","4,200.0","3,900.0","4,200.0","3,900.0","79.62K","7.69%"
"25/11/2022","3,900.0","3,600.0","3,900.0","3,600.0","257.15K","8.33%"
"24/11/2022","3,600.0","3,400.0","3,700.0","3,300.0","131.70K","0.00%"
"23/11/2022","3,600.0","3,900.0","3,900.0","3,600.0","262.77K","-7.69%"
"22/11/2022","3,900.0","3,900.0","4,200.0","3,800.0","491.67K","0.00%"
"21/11/2022","3,900.0","3,800.0","3,900.0","3,700.0","353.62K","8.33%"
"18/11/2022","3,600.0","3,300.0","3,600.0","3,300.0","325.46K","9.09%"
"17/11/2022","3,300.0","3,000.0","3,300.0","3,000.0","207.23K","10.00%"
"16/11/2022","3,000.0","2,600.0","3,000.0","2,600.0","342.58K","7.14%"
"15/11/2022","2,800.0","3,000.0","3,000.0","2,800.0","229.73K","-9.68%"
"14/11/2022","3,100.0","3,400.0","3,500.0","3,100.0","273.40K","-8.82%"
"11/11/2022","3,400.0","3,600.0","3,700.0","3,300.0","260.34K","-5.56%"
"10/11/2022","3,600.0","4,000.0","4,000.0","3,600.0","89.09K","-10.00%"
"09/11/2022","4,000.0","3,800.0","4,200.0","3,800.0","89.82K","0.00%"
"08/11/2022","4,000.0","4,200.0","4,300.0","4,000.0","252.12K","-9.09%"
"07/11/2022","4,400.0","4,800.0","4,800.0","4,400.0","111.37K","-8.33%"
"04/11/2022","4,800.0","4,600.0","4,800.0","4,400.0","203.59K","0.00%"
"03/11/2022","4,800.0","4,900.0","5,000.0","4,600.0","87.78K","-2.04%"
"02/11/2022","4,900.0","4,900.0","5,000.0","4,800.0","61.42K","0.00%"
"01/11/2022","4,900.0","4,800.0","5,100.0","4,800.0","66.30K","-2.00%"
"31/10/2022","5,000.0","5,100.0","5,300.0","4,700.0","76.56K","-1.96%"
"28/10/2022","5,100.0","5,200.0","5,600.0","5,100.0","144.04K","-1.92%"
"27/10/2022","5,200.0","4,500.0","5,200.0","4,500.0","269.34K","8.33%"
"26/10/2022","4,800.0","4,800.0","5,100.0","4,600.0","61.53K","-4.00%"
"25/10/2022","5,000.0","5,200.0","5,500.0","4,800.0","334.72K","-3.85%"
"24/10/2022","5,200.0","5,700.0","5,700.0","5,200.0","204.30K","-8.77%"
"21/10/2022","5,700.0","5,900.0","5,900.0","5,400.0","206.44K","-3.39%"
"20/10/2022","5,900.0","6,000.0","6,000.0","5,800.0","47.68K","-1.67%"
"19/10/2022","6,000.0","6,100.0","6,200.0","6,000.0","51.51K","-3.23%"
"18/10/2022","6,200.0","6,000.0","6,300.0","5,900.0","125.06K","1.64%"
"17/10/2022","6,100.0","6,100.0","6,300.0","5,900.0","89.64K","0.00%"
"14/10/2022","6,100.0","6,100.0","6,300.0","6,000.0","92.96K","3.39%"
"13/10/2022","5,900.0","5,800.0","6,000.0","5,700.0","75.58K","3.51%"
"12/10/2022","5,700.0","5,600.0","5,700.0","5,400.0","133.96K","1.79%"
"11/10/2022","5,600.0","6,200.0","6,200.0","5,600.0","162.60K","-9.68%"
"10/10/2022","6,200.0","6,200.0","6,400.0","5,800.0","120.87K","0.00%"
"07/10/2022","6,200.0","6,600.0","6,600.0","6,100.0","177.45K","-6.06%"
"06/10/2022","6,600.0","6,900.0","7,000.0","6,600.0","136.45K","-4.35%"
"05/10/2022","6,900.0","6,800.0","6,900.0","6,700.0","119.90K","2.99%"
"04/10/2022","6,700.0","6,700.0","6,900.0","6,600.0","187.15K","1.52%"
"03/10/2022","6,600.0","6,800.0","6,900.0","6,600.0","204.43K","-2.94%"
"30/09/2022","6,800.0","6,800.0","6,900.0","6,600.0","244.34K","0.00%"
"29/09/2022","6,800.0","6,900.0","7,100.0","6,700.0","155.07K","0.00%"
"28/09/2022","6,800.0","6,900.0","7,100.0","6,800.0","122.69K","-1.45%"
"27/09/2022","6,900.0","6,700.0","7,000.0","6,700.0","223.24K","2.99%"
"26/09/2022","6,700.0","7,100.0","7,100.0","6,700.0","214.03K","-5.63%"
"23/09/2022","7,100.0","7,300.0","7,300.0","7,000.0","227.15K","-1.39%"
"22/09/2022","7,200.0","7,100.0","7,400.0","7,100.0","148.64K","0.00%"
"21/09/2022","7,200.0","7,300.0","7,400.0","7,100.0","79.23K","-1.37%"
"20/09/2022","7,300.0","7,200.0","7,500.0","7,100.0","154.61K","1.39%"
"19/09/2022","7,200.0","7,600.0","7,900.0","7,200.0","197.70K","-5.26%"
"16/09/2022","7,600.0","7,800.0","8,000.0","7,600.0","92.72K","-2.56%"
"15/09/2022","7,800.0","8,200.0","8,200.0","7,800.0","71.16K","-2.50%"
"14/09/2022","8,000.0","8,000.0","8,200.0","7,900.0","104.66K","-2.44%"
"13/09/2022","8,200.0","8,000.0","8,300.0","8,000.0","115.11K","0.00%"
"12/09/2022","8,200.0","8,100.0","8,300.0","8,100.0","51.59K","1.23%"
"09/09/2022","8,100.0","8,200.0","8,500.0","7,700.0","168.11K","-1.22%"
"08/09/2022","8,200.0","8,200.0","8,500.0","8,000.0","90.81K","0.00%"
"07/09/2022","8,200.0","8,600.0","8,900.0","8,200.0","317.26K","-6.82%"
"06/09/2022","8,800.0","9,000.0","9,000.0","8,500.0","165.62K","1.15%"
"05/09/2022","8,700.0","8,900.0","9,100.0","8,700.0","154.36K","-2.25%"
"31/08/2022","8,900.0","8,800.0","9,000.0","8,800.0","94.40K","0.00%"
"30/08/2022","8,900.0","9,200.0","9,200.0","8,800.0","102.30K","-1.11%"
"29/08/2022","9,000.0","9,500.0","9,500.0","8,600.0","281.74K","-2.17%"
"26/08/2022","9,200.0","9,400.0","9,500.0","9,100.0","127.10K","-2.13%"
"25/08/2022","9,400.0","9,200.0","9,500.0","9,200.0","82.43K","2.17%"
"24/08/2022","9,200.0","9,100.0","9,400.0","9,100.0","149.33K","1.10%"
"23/08/2022","9,100.0","8,700.0","9,100.0","8,700.0","320.41K","2.25%"
"22/08/2022","8,900.0","9,200.0","9,200.0","8,900.0","191.34K","-3.26%"
"19/08/2022","9,200.0","9,100.0","9,500.0","9,100.0","110.33K","-3.16%"
"18/08/2022","9,500.0","9,500.0","9,500.0","9,300.0","99.00K","0.00%"
"17/08/2022","9,500.0","9,500.0","9,700.0","9,300.0","137.46K","0.00%"
"16/08/2022","9,500.0","9,700.0","9,700.0","9,500.0","184.30K","-2.06%"
"15/08/2022","9,700.0","10,000.0","10,000.0","9,600.0","158.14K","-1.02%"
"12/08/2022","9,800.0","9,800.0","9,800.0","9,600.0","164.14K","0.00%"
"11/08/2022","9,800.0","10,200.0","10,600.0","9,800.0","340.47K","-3.92%"
"10/08/2022","10,200.0","9,600.0","10,200.0","9,600.0","504.93K","6.25%"
"09/08/2022","9,600.0","9,600.0","9,800.0","9,600.0","248.51K","0.00%"
"08/08/2022","9,600.0","9,800.0","9,900.0","9,600.0","243.85K","0.00%"
"05/08/2022","9,600.0","9,600.0","9,800.0","9,400.0","161.26K","0.00%"
"04/08/2022","9,600.0","9,500.0","9,800.0","9,400.0","174.27K","2.43%"
"03/08/2022","9,372.0","9,565.2","9,565.2","9,275.4","220.63K","-2.02%"
"02/08/2022","9,565.2","8,985.5","9,758.5","8,985.5","385.55K","6.45%"
"01/08/2022","8,985.5","8,792.3","9,082.1","8,792.3","121.31K","1.09%"
"29/07/2022","8,888.9","8,985.5","9,082.1","8,792.3","115.14K","0.00%"
"28/07/2022","8,888.9","8,792.3","9,178.7","8,695.7","207.54K","2.22%"
"27/07/2022","8,695.7","8,599.0","8,695.7","8,405.8","65.06K","1.12%"
"26/07/2022","8,599.0","8,695.7","8,985.5","8,599.0","118.28K","-2.20%"
"25/07/2022","8,792.3","8,695.7","8,985.5","8,695.7","120.40K","-1.09%"
"22/07/2022","8,888.9","9,082.1","9,082.1","8,888.9","84.36K","-1.08%"
"21/07/2022","8,985.5","9,082.1","9,178.7","8,888.9","65.33K","-1.06%"
"20/07/2022","9,082.1","8,985.5","9,178.7","8,888.9","264.26K","1.08%"
"19/07/2022","8,985.5","9,178.7","9,372.0","8,888.9","116.44K","-2.11%"
"18/07/2022","9,178.7","9,372.0","9,468.6","9,082.1","161.51K","-2.06%"
"15/07/2022","9,372.0","8,599.0","9,372.0","8,599.0","449.90K","8.99%"
"14/07/2022","8,599.0","8,599.0","8,695.7","8,502.4","133.93K","0.00%"
"13/07/2022","8,599.0","8,599.0","8,888.9","8,599.0","132.93K","0.00%"
"12/07/2022","8,599.0","8,212.6","8,792.3","8,212.6","245.36K","1.14%"
"11/07/2022","8,502.4","8,502.4","8,599.0","8,212.6","144.50K","0.00%"
"08/07/2022","8,502.4","8,115.9","8,599.0","7,922.7","170.51K","7.32%"
"07/07/2022","7,922.7","8,115.9","8,115.9","7,826.1","89.75K","1.23%"
"06/07/2022","7,826.1","7,922.7","8,405.8","7,632.9","207.65K","-4.71%"
"05/07/2022","8,212.6","8,405.8","8,502.4","7,922.7","67.61K","-2.30%"
"04/07/2022","8,405.8","8,405.8","8,792.3","8,405.8","162.55K","0.00%"
"01/07/2022","8,405.8","8,212.6","8,599.0","7,826.1","235.30K","2.35%"
"30/06/2022","8,212.6","8,502.4","8,792.3","8,212.6","144.41K","-3.41%"
"29/06/2022","8,502.4","8,502.4","8,985.5","8,115.9","295.39K","0.00%"
"28/06/2022","8,502.4","8,695.7","9,275.4","8,502.4","443.94K","-1.12%"
"27/06/2022","8,599.0","7,826.1","8,599.0","7,826.1","348.49K","9.88%"
"24/06/2022","7,826.1","7,246.4","7,826.1","7,246.4","249.90K","9.46%"
"23/06/2022","7,149.8","6,763.3","7,149.8","6,666.7","188.38K","8.82%"
"22/06/2022","6,570.1","6,280.2","6,570.1","5,797.1","357.39K","9.68%"
"21/06/2022","5,990.3","6,570.1","6,570.1","5,990.3","388.44K","-8.82%"
"20/06/2022","6,570.1","7,246.4","7,246.4","6,570.1","431.96K","-9.33%"
"17/06/2022","7,246.4","7,922.7","7,922.7","7,149.8","271.01K","-8.54%"
"16/06/2022","7,922.7","8,019.3","8,695.7","7,922.7","243.68K","-1.20%"
"15/06/2022","8,019.3","8,695.7","8,695.7","7,826.1","182.81K","-7.78%"
"14/06/2022","8,695.7","8,985.5","9,082.1","8,212.6","291.21K","-3.23%"
"13/06/2022","8,985.5","9,855.1","9,855.1","8,985.5","347.49K","-9.71%"
"10/06/2022","9,951.7","10,144.9","10,338.2","9,951.7","113.52K","-2.83%"
"09/06/2022","10,241.6","10,144.9","10,628.0","10,144.9","144.95K","-0.93%"
"08/06/2022","10,338.2","10,144.9","10,434.8","9,855.1","150.45K","3.88%"
"07/06/2022","9,951.7","10,821.3","10,821.3","9,758.5","339.04K","-7.21%"
"06/06/2022","10,724.6","11,014.5","11,497.6","10,628.0","156.70K","-2.63%"
"03/06/2022","11,014.5","11,207.7","11,401.0","11,014.5","151.55K","-1.72%"
"02/06/2022","11,207.7","11,690.8","11,690.8","11,207.7","215.80K","-4.13%"
"01/06/2022","11,690.8","11,690.8","11,980.7","11,497.6","162.17K","-1.63%"
"31/05/2022","11,884.1","12,173.9","12,270.5","11,690.8","373.74K","-2.38%"
"30/05/2022","12,173.9","12,270.5","12,367.2","11,980.7","177.72K","-0.79%"
"27/05/2022","12,270.5","12,173.9","12,657.0","12,077.3","240.73K","0.79%"
"26/05/2022","12,173.9","12,173.9","12,367.2","12,077.3","119.36K","0.00%"
"25/05/2022","12,173.9","11,980.7","12,173.9","11,594.2","334.14K","3.28%"
"24/05/2022","11,787.4","11,304.4","11,884.1","11,304.4","102.57K","-1.61%"
"23/05/2022","11,980.7","12,077.3","12,270.5","11,594.2","170.80K","-0.80%"
"20/05/2022","12,077.3","11,884.1","12,367.2","11,787.4","305.24K","1.63%"
"19/05/2022","11,884.1","11,594.2","11,884.1","11,304.4","190.66K","0.00%"
"18/05/2022","11,884.1","12,173.9","12,367.2","11,787.4","212.29K","0.82%"
"17/05/2022","11,787.4","10,724.6","11,787.4","10,628.0","166.53K","9.91%"
"16/05/2022","10,724.6","10,821.3","11,401.0","10,628.0","185.16K","1.83%"
"13/05/2022","10,531.4","11,594.2","11,980.7","10,531.4","310.61K","-9.92%"
"12/05/2022","11,690.8","12,946.9","13,236.7","11,497.6","284.13K","-8.33%"
"11/05/2022","12,753.6","11,980.7","12,753.6","11,980.7","254.62K","8.20%"
"10/05/2022","11,787.4","11,497.6","12,173.9","10,434.8","309.90K","2.52%"
"09/05/2022","11,497.6","13,719.8","13,719.8","11,497.6","280.80K","-9.85%"
"06/05/2022","12,753.6","13,719.8","13,719.8","12,753.6","161.98K","-7.69%"
"05/05/2022","13,816.4","13,719.8","14,202.9","13,140.1","214.90K","-1.38%"
"04/05/2022","14,009.7","14,202.9","14,202.9","13,623.2","133.22K","-1.36%"
"29/04/2022","14,202.9","13,526.6","14,396.1","13,430.0","272.25K","5.00%"
"28/04/2022","13,526.6","13,526.6","14,009.7","13,526.6","307.94K","-0.71%"
"27/04/2022","13,623.2","13,140.1","13,816.4","12,850.2","238.46K","3.68%"
"26/04/2022","13,140.1","12,463.8","13,430.0","12,077.3","380.01K","5.43%"
"25/04/2022","12,463.8","13,236.7","13,623.2","12,270.5","380.77K","-3.73%"
"22/04/2022","12,946.9","12,463.8","13,140.1","11,787.4","347.04K","3.88%"
"21/04/2022","12,463.8","12,657.0","13,043.5","12,463.8","666.24K","-9.79%"
"20/04/2022","13,816.4","14,492.8","14,975.9","13,816.4","632.18K","-9.49%"
"19/04/2022","15,265.7","16,908.2","17,294.7","15,265.7","360.09K","-9.71%"
"18/04/2022","16,908.2","18,357.5","18,744.0","16,521.7","576.44K","-7.89%"
"15/04/2022","18,357.5","19,130.4","19,130.4","18,357.5","203.85K","-4.04%"
"14/04/2022","19,130.4","18,840.6","19,710.2","18,840.6","136.23K","1.54%"
"13/04/2022","18,840.6","19,323.7","19,323.7","18,357.5","229.30K","1.04%"
"12/04/2022","18,647.4","19,710.2","20,289.9","18,647.4","485.80K","-5.39%"
"08/04/2022","19,710.2","20,483.1","20,483.1","19,710.2","265.89K","-3.77%"
"07/04/2022","20,483.1","20,966.2","21,062.8","20,289.9","297.42K","-2.30%"
"06/04/2022","20,966.2","21,159.4","21,159.4","20,676.3","351.95K","-0.91%"
"05/04/2022","21,159.4","21,739.1","21,835.8","21,062.8","234.01K","-2.67%"
"04/04/2022","21,739.1","20,579.7","22,318.8","20,579.7","400.01K","5.63%"
"01/04/2022","20,579.7","20,676.3","20,676.3","20,193.2","393.33K","-0.47%"
"31/03/2022","20,676.3","20,869.6","21,256.0","20,386.5","339.18K","-0.93%"
"30/03/2022","20,869.6","21,739.1","21,739.1","20,193.2","495.58K","-4.42%"
"29/03/2022","21,835.8","21,642.5","22,125.6","21,642.5","261.33K","0.89%"
"28/03/2022","21,642.5","22,029.0","22,029.0","21,449.3","441.39K","-1.75%"
"25/03/2022","22,029.0","22,415.5","22,512.1","21,932.4","295.49K","-0.44%"
"24/03/2022","22,125.6","22,415.5","22,512.1","21,835.8","244.43K","0.44%"
"23/03/2022","22,029.0","22,222.2","22,222.2","21,932.4","264.40K","-0.87%"
"22/03/2022","22,222.2","22,415.5","22,705.3","22,125.6","375.79K","-0.86%"
"21/03/2022","22,415.5","22,512.1","22,801.9","22,222.2","343.25K","-0.43%"
"18/03/2022","22,512.1","22,995.2","22,995.2","22,415.5","140.64K","-0.43%"
"17/03/2022","22,608.7","22,318.8","22,801.9","22,222.2","397.07K","1.74%"
"16/03/2022","22,222.2","22,029.0","22,608.7","22,029.0","208.28K","0.88%"
"15/03/2022","22,029.0","21,256.0","22,029.0","21,256.0","200.65K","3.64%"
"14/03/2022","21,256.0","21,642.5","21,739.1","20,869.6","498.09K","-1.79%"
"11/03/2022","21,642.5","22,222.2","22,222.2","21,545.9","740.80K","-2.61%"
"10/03/2022","22,222.2","22,705.3","22,898.6","22,222.2","588.77K","-0.86%"
"09/03/2022","22,415.5","23,188.4","23,188.4","22,222.2","620.02K","-3.33%"
"08/03/2022","23,188.4","23,381.7","23,574.9","23,188.4","684.16K","-1.64%"
"07/03/2022","23,574.9","23,574.9","23,864.7","23,381.7","460.63K","-0.41%"
"04/03/2022","23,671.5","23,478.3","24,251.2","23,188.4","840.56K","0.82%"
"03/03/2022","23,478.3","23,671.5","23,864.7","23,285.0","545.46K","-0.82%"
"02/03/2022","23,671.5","23,961.4","24,058.0","23,478.3","317.21K","-1.21%"
"01/03/2022","23,961.4","23,478.3","24,541.1","23,188.4","730.83K","2.06%"
"28/02/2022","23,478.3","23,381.7","23,478.3","22,995.2","386.68K","0.83%"
"25/02/2022","23,285.0","23,091.8","23,864.7","23,091.8","525.88K","0.84%"
"24/02/2022","23,091.8","24,251.2","24,347.8","22,222.2","1.05M","-4.78%"
"23/02/2022","24,251.2","24,058.0","24,637.7","24,058.0","436.70K","0.40%"
"22/02/2022","24,154.6","24,734.3","24,830.9","23,864.7","819.80K","-2.34%"
"21/02/2022","24,734.3","24,154.6","25,603.9","23,961.4","1.60M","2.40%"
"18/02/2022","24,154.6","24,154.6","24,830.9","23,671.5","693.87K","0.00%"
"17/02/2022","24,154.6","24,347.8","24,927.5","23,961.4","516.33K","-0.79%"
"16/02/2022","24,347.8","23,961.4","24,444.5","23,188.4","881.73K","2.44%"
"15/02/2022","23,768.1","23,478.3","24,927.5","23,381.7","550.55K","1.65%"
"14/02/2022","23,381.7","23,864.7","23,864.7","23,285.0","400.04K","-2.02%"
"11/02/2022","23,864.7","24,347.8","24,830.9","23,864.7","637.77K","-1.20%"
"10/02/2022","24,154.6","24,154.6","25,893.7","24,154.6","1.21M","0.00%"
"09/02/2022","24,154.6","24,154.6","24,444.5","23,574.9","1.08M","0.00%"
"08/02/2022","24,154.6","24,154.6","24,347.8","23,188.4","1.77M","4.17%"
"07/02/2022","23,188.4","21,159.4","23,188.4","21,159.4","1.02M","9.59%"
"28/01/2022","21,159.4","20,773.0","21,256.0","20,773.0","371.69K","1.86%"
"27/01/2022","20,773.0","18,744.0","21,449.3","18,744.0","355.28K","0.94%"
"26/01/2022","20,579.7","21,159.4","21,449.3","20,579.7","273.07K","-2.74%"
"25/01/2022","21,159.4","20,869.6","21,449.3","20,579.7","186.17K","-0.45%"
"24/01/2022","21,256.0","22,705.3","22,705.3","20,966.2","390.07K","-1.35%"
"21/01/2022","21,545.9","21,545.9","22,222.2","21,256.0","239.37K","0.00%"
"20/01/2022","21,545.9","20,579.7","22,318.8","20,289.9","288.16K","4.69%"
"19/01/2022","20,579.7","21,062.8","21,256.0","20,289.9","281.47K","0.00%"
"18/01/2022","20,579.7","20,289.9","21,739.1","20,289.9","349.19K","-0.93%"
"17/01/2022","20,773.0","22,125.6","23,768.1","20,773.0","645.33K","-4.44%"
"14/01/2022","21,739.1","19,806.8","21,739.1","19,613.5","608.95K","9.76%"
"13/01/2022","19,806.8","21,545.9","21,932.4","19,806.8","761.22K","-7.66%"
"12/01/2022","21,449.3","22,415.5","23,188.4","20,676.3","918.57K","-5.53%"
"11/01/2022","22,705.3","23,188.4","23,381.7","22,415.5","528.29K","-1.67%"
"10/01/2022","23,091.8","23,188.4","23,961.4","22,995.2","875.71K","0.00%"
"07/01/2022","23,091.8","23,671.5","23,864.7","23,091.8","986.54K","-2.45%"
"06/01/2022","23,671.5","23,768.1","24,154.6","23,574.9","735.25K","-0.41%"
"05/01/2022","23,768.1","24,058.0","24,541.1","23,671.5","607.20K","-1.20%"
"04/01/2022","24,058.0","22,801.9","24,637.7","22,801.9","782.92K","5.51%"
"31/12/2021","22,801.9","23,381.7","23,478.3","22,705.3","406.66K","-2.07%"
"30/12/2021","23,285.0","23,381.7","23,768.1","23,188.4","668.36K","-0.82%"
"29/12/2021","23,478.3","24,154.6","24,154.6","23,381.7","727.03K","-2.80%"
"28/12/2021","24,154.6","24,251.2","24,637.7","24,058.0","1.04M","-0.40%"
"27/12/2021","24,251.2","23,961.4","24,637.7","23,671.5","862.28K","2.03%"
"24/12/2021","23,768.1","21,642.5","23,768.1","21,449.3","1.22M","9.82%"
"23/12/2021","21,642.5","22,512.1","22,705.3","21,352.7","1.35M","-3.45%"
"22/12/2021","22,415.5","22,801.9","22,995.2","22,222.2","1.25M","-1.28%"
"21/12/2021","22,705.3","23,188.4","23,188.4","22,125.6","1.14M","-2.08%"
"20/12/2021","23,188.4","23,671.5","23,864.7","22,995.2","872.07K","-2.04%"
"17/12/2021","23,671.5","23,285.0","23,961.4","23,188.4","1.01M","0.41%"
"16/12/2021","23,574.9","23,478.3","23,961.4","23,091.8","845.84K","0.41%"
"15/12/2021","23,478.3","23,768.1","23,961.4","23,285.0","743.78K","-1.22%"
"14/12/2021","23,768.1","23,768.1","24,637.7","23,671.5","650.51K","0.00%"
"13/12/2021","23,768.1","23,574.9","23,961.4","23,285.0","844.52K","1.23%"
"10/12/2021","23,478.3","24,058.0","24,058.0","23,188.4","947.64K","-0.41%"
"09/12/2021","23,574.9","23,381.7","24,347.8","22,995.2","723.21K","1.24%"
"08/12/2021","23,285.0","24,154.6","24,637.7","23,188.4","819.90K","-3.60%"
"07/12/2021","24,154.6","23,671.5","24,541.1","23,671.5","713.65K","2.04%"
"06/12/2021","23,671.5","25,507.3","26,087.0","23,285.0","1.02M","-7.20%"
"03/12/2021","25,507.3","26,666.7","26,666.7","25,410.6","868.41K","-2.22%"
"02/12/2021","26,087.0","26,087.0","27,536.2","26,087.0","1.18M","0.37%"
"01/12/2021","25,990.3","25,797.1","26,473.4","25,603.9","675.17K","0.75%"
"30/11/2021","25,797.1","25,893.7","26,473.4","25,700.5","774.49K","-0.37%"
"29/11/2021","25,893.7","25,893.7","26,666.7","25,120.8","784.25K","0.37%"
"26/11/2021","25,797.1","26,087.0","26,859.9","25,603.9","787.52K","-1.11%"
"25/11/2021","26,087.0","26,280.2","26,570.1","25,893.7","599.28K","0.00%"
"24/11/2021","26,087.0","26,763.3","27,536.2","26,087.0","569.18K","-1.82%"
"23/11/2021","26,570.1","25,217.4","26,570.1","24,347.8","679.26K","4.96%"
"22/11/2021","25,314.0","26,570.1","27,343.0","24,444.5","1.25M","-4.73%"
"19/11/2021","26,570.1","28,985.5","28,985.5","25,700.5","2.22M","-6.78%"
"18/11/2021","28,502.4","27,826.1","29,855.1","27,536.2","1.58M","1.72%"
"17/11/2021","28,019.3","28,599.0","28,888.9","27,536.2","1.85M","-3.33%"
"16/11/2021","28,985.5","31,111.1","31,207.7","28,888.9","1.91M","-6.25%"
"15/11/2021","30,917.9","29,951.7","31,690.8","29,178.8","2.29M","6.31%"
"12/11/2021","29,082.1","26,570.1","29,082.1","26,473.4","3.75M","9.85%"
"11/11/2021","26,473.4","26,473.4","26,666.7","26,087.0","1.29M","0.00%"
"10/11/2021","26,473.4","26,473.4","26,859.9","26,087.0","850.80K","0.00%"
"09/11/2021","26,473.4","27,246.4","27,246.4","26,280.2","818.34K","-1.79%"
"08/11/2021","26,956.5","25,990.3","27,053.2","25,603.9","1.41M","4.10%"
"05/11/2021","25,893.7","26,087.0","26,570.1","25,700.5","823.98K","-0.74%"
"04/11/2021","26,087.0","26,183.6","26,666.7","25,507.3","1.03M","-0.37%"
"03/11/2021","26,183.6","26,956.5","27,149.8","26,087.0","2.34M","-3.21%"
"02/11/2021","27,053.2","26,859.9","28,116.0","26,087.0","1.66M","0.72%"
"01/11/2021","26,859.9","28,212.6","28,212.6","26,859.9","1.59M","-4.79%"
"29/10/2021","28,212.6","28,502.4","28,985.5","27,922.7","1.05M","-0.68%"
"28/10/2021","28,405.8","27,246.4","28,888.9","26,859.9","1.45M","5.00%"
"27/10/2021","27,053.2","27,632.9","27,729.5","26,859.9","867.20K","-2.10%"
"26/10/2021","27,632.9","27,536.2","28,019.3","27,053.2","696.37K","2.14%"
"25/10/2021","27,053.2","25,700.5","27,536.2","24,734.3","1.32M","5.66%"
"22/10/2021","25,603.9","26,280.2","26,280.2","23,961.4","2.89M","-1.85%"
"21/10/2021","26,087.0","26,087.0","26,666.7","25,603.9","806.73K","0.00%"
"20/10/2021","26,087.0","27,053.2","27,149.8","25,603.9","2.07M","-3.57%"
"19/10/2021","27,053.2","27,729.5","28,019.3","27,053.2","1.15M","-2.44%"
"18/10/2021","27,729.5","28,985.5","28,985.5","27,149.8","2.76M","-4.01%"
"15/10/2021","28,888.9","28,116.0","29,951.7","27,729.5","1.29M","3.82%"
"14/10/2021","27,826.1","27,053.2","28,792.3","26,570.1","1.37M","0.00%"
"13/10/2021","27,826.1","29,468.6","29,468.6","26,666.7","2.92M","-5.57%"
"12/10/2021","29,468.6","29,951.7","30,338.2","29,468.6","1.79M","-1.61%"
"11/10/2021","29,951.7","30,048.3","30,821.3","29,951.7","991.17K","0.32%"
"08/10/2021","29,855.1","30,531.4","30,628.0","29,661.8","1.02M","-0.32%"
"07/10/2021","29,951.7","30,241.6","30,821.3","29,855.1","904.26K","-0.96%"
"06/10/2021","30,241.6","30,048.3","30,628.0","29,372.0","1.37M","0.97%"
"05/10/2021","29,951.7","29,951.7","30,917.9","29,758.5","1.10M","0.00%"
"04/10/2021","29,951.7","31,207.7","32,850.3","28,985.5","1.84M","-3.43%"
"01/10/2021","31,014.5","28,599.0","31,304.4","28,599.0","2.22M","8.45%"
"30/09/2021","28,599.0","27,343.0","28,792.3","27,343.0","1.57M","4.59%"
"29/09/2021","27,343.0","27,053.2","27,343.0","26,859.9","1.26M","1.80%"
"28/09/2021","26,859.9","26,280.2","27,439.6","25,603.9","1.98M","2.21%"
"27/09/2021","26,280.2","25,700.5","27,246.4","25,700.5","1.79M","2.26%"
"24/09/2021","25,700.5","25,507.3","26,859.9","25,507.3","1.41M","0.76%"
"23/09/2021","25,507.3","25,507.3","25,700.5","25,217.4","1.46M","0.00%"
"22/09/2021","25,507.3","25,217.4","26,280.2","25,120.8","990.33K","1.15%"
"21/09/2021","25,217.4","25,797.1","26,183.6","24,637.7","1.30M","-1.88%"
"20/09/2021","25,700.5","26,087.0","27,536.2","25,603.9","1.70M","-1.48%"
"17/09/2021","26,087.0","24,830.9","26,763.3","24,734.3","2.34M","5.06%"
"16/09/2021","24,830.9","24,058.0","25,990.3","24,058.0","1.18M","2.80%"
"15/09/2021","24,154.6","22,029.0","24,154.6","20,676.3","967.21K","9.65%"
"14/09/2021","22,029.0","23,961.4","23,961.4","21,642.5","1.01M","-8.06%"
"13/09/2021","23,961.4","25,507.3","25,700.5","23,768.1","435.68K","-4.98%"
"10/09/2021","25,217.4","24,347.8","26,570.1","24,347.8","1.54M","4.40%"
"09/09/2021","24,154.6","20,869.6","25,507.3","20,869.6","1.14M","4.17%"
"08/09/2021","23,188.4","24,154.6","24,154.6","23,188.4","649.34K","-4.38%"
"07/09/2021","24,251.2","24,058.0","24,927.5","23,478.3","586.39K","0.80%"
"06/09/2021","24,058.0","23,961.4","24,927.5","22,318.8","906.67K","0.40%"
"01/09/2021","23,961.4","21,932.4","24,058.0","21,062.8","1.03M","9.25%"
"31/08/2021","21,932.4","21,545.9","22,222.2","20,579.7","986.00K","6.57%"
"30/08/2021","20,579.7","18,744.0","20,579.7","18,744.0","973.64K","9.79%"
"27/08/2021","18,744.0","17,294.7","18,840.6","16,811.6","858.09K","8.38%"
"26/08/2021","17,294.7","17,198.1","17,971.0","17,101.5","393.09K","0.56%"
"25/08/2021","17,198.1","17,198.1","17,971.0","16,715.0","342.31K","0.00%"
"24/08/2021","17,198.1","16,425.1","17,391.3","16,231.9","511.50K","5.95%"
"23/08/2021","16,231.9","15,845.4","16,328.5","15,555.6","445.46K","2.44%"
"20/08/2021","15,845.4","16,425.1","16,521.7","14,975.9","623.92K","-4.09%"
"19/08/2021","16,521.7","16,425.1","17,004.8","15,652.2","529.20K","0.00%"
"18/08/2021","16,521.7","18,164.3","18,164.3","16,425.1","1.34M","0.00%"
"17/08/2021","16,521.7","15,458.9","16,521.7","15,458.9","336.70K","9.62%"
"16/08/2021","15,072.5","13,719.8","15,072.5","13,719.8","998.34K","9.86%"
"13/08/2021","13,719.8","13,816.4","13,913.0","13,236.7","356.14K","0.00%"
"12/08/2021","13,719.8","13,526.6","13,913.0","13,236.7","428.12K","1.43%"
"11/08/2021","13,526.6","13,623.2","14,009.7","13,333.3","196.15K","-1.41%"
"10/08/2021","13,719.8","13,430.0","14,009.7","13,236.7","454.16K","2.90%"
"09/08/2021","13,333.3","12,753.6","13,333.3","12,560.4","481.70K","4.55%"
"06/08/2021","12,753.6","12,367.2","12,946.9","12,173.9","282.46K","3.13%"
"05/08/2021","12,367.2","12,367.2","12,560.4","12,077.3","174.40K","1.59%"
"04/08/2021","12,173.9","11,884.1","12,946.9","11,884.1","334.72K","2.44%"
"03/08/2021","11,884.1","11,884.1","11,980.7","11,690.8","144.07K","0.00%"
"02/08/2021","11,884.1","11,980.7","12,173.9","11,787.4","206.69K","-0.81%"
"30/07/2021","11,980.7","11,980.7","11,980.7","11,690.8","172.22K","0.00%"
"29/07/2021","11,980.7","11,787.4","11,980.7","11,690.8","162.18K","0.00%"
"28/07/2021","11,980.7","11,980.7","12,077.3","11,497.6","208.76K","0.00%"
"27/07/2021","11,980.7","12,077.3","12,077.3","11,594.2","195.30K","0.00%"
"26/07/2021","11,980.7","11,884.1","12,077.3","11,304.4","198.62K","-0.80%"
"23/07/2021","12,077.3","11,884.1","12,560.4","11,497.6","214.87K","0.00%"
"22/07/2021","12,077.3","11,401.0","12,270.5","11,014.5","288.56K","7.76%"
"21/07/2021","11,207.7","11,014.5","11,497.6","10,917.9","243.95K","1.75%"
"20/07/2021","11,014.5","10,628.0","11,111.1","10,628.0","201.06K","1.79%"
"19/07/2021","10,821.3","11,594.2","11,594.2","10,434.8","372.60K","-6.67%"
"16/07/2021","11,594.2","12,077.3","12,077.3","11,594.2","214.68K","-3.23%"
"15/07/2021","11,980.7","12,367.2","12,367.2","11,594.2","210.83K","-0.80%"
"14/07/2021","12,077.3","12,367.2","12,463.8","11,787.4","145.17K","-2.34%"
"13/07/2021","12,367.2","12,367.2","13,043.5","11,884.1","128.34K","1.59%"
"12/07/2021","12,173.9","13,236.7","13,333.3","11,980.7","334.44K","-8.03%"
"09/07/2021","13,236.7","13,236.7","14,009.7","12,850.2","321.74K","0.00%"
"08/07/2021","13,236.7","13,913.0","13,913.0","12,753.6","299.63K","3.65%"
"07/07/2021","12,770.4","13,274.5","13,274.5","12,518.4","381.95K","-3.80%"
"06/07/2021","13,274.5","13,442.6","13,694.6","13,106.5","545.15K","-0.63%"
"05/07/2021","13,358.5","13,190.5","13,862.6","12,938.5","387.80K","1.27%"
"02/07/2021","13,190.5","13,190.5","13,190.5","13,022.5","290.83K","0.00%"
"01/07/2021","13,190.5","13,274.5","13,358.5","13,022.5","208.59K","-0.63%"
"30/06/2021","13,274.5","13,274.5","13,274.5","13,106.5","219.36K","0.00%"
"29/06/2021","13,274.5","13,274.5","13,358.5","13,106.5","242.45K","0.00%"
"28/06/2021","13,274.5","13,442.6","13,778.6","13,190.5","360.88K","-1.25%"
"25/06/2021","13,442.6","13,358.5","13,526.6","13,190.5","411.15K","0.63%"
"24/06/2021","13,358.5","13,274.5","13,442.6","13,106.5","678.56K","0.63%"
"23/06/2021","13,274.5","13,442.6","13,610.6","13,106.5","446.94K","-1.25%"
"22/06/2021","13,442.6","13,862.6","14,114.7","13,442.6","482.38K","-1.84%"
"21/06/2021","13,694.6","13,022.5","13,862.6","13,022.5","575.26K","5.84%"
"18/06/2021","12,938.5","12,770.4","12,938.5","12,686.4","419.68K","1.32%"
"17/06/2021","12,770.4","12,938.5","13,022.5","12,434.4","388.08K","0.66%"
"16/06/2021","12,686.4","12,938.5","13,190.5","12,518.4","474.20K","-1.95%"
"15/06/2021","12,938.5","12,938.5","13,022.5","12,602.4","615.28K","0.00%"
"14/06/2021","12,938.5","12,854.4","13,190.5","12,770.4","403.88K","0.00%"
"11/06/2021","12,938.5","12,854.4","13,022.5","12,770.4","658.41K","0.65%"
"10/06/2021","12,854.4","13,274.5","13,442.6","12,518.4","665.53K","-3.16%"
"09/06/2021","13,274.5","13,022.5","13,694.6","12,602.4","759.09K","-2.47%"
"08/06/2021","13,610.6","15,122.9","15,290.9","13,610.6","1.23M","-10.00%"
"07/06/2021","15,122.9","14,450.7","15,963.0","14,282.7","756.66K","2.86%"
"04/06/2021","14,702.8","15,122.9","15,543.0","14,366.7","757.95K","-2.78%"
"03/06/2021","15,122.9","14,954.8","15,795.0","14,702.8","1.12M","5.26%"
"02/06/2021","14,366.7","13,106.5","14,366.7","13,106.5","1.38M","9.62%"
"01/06/2021","13,106.5","13,190.5","13,190.5","12,854.4","412.20K","-0.64%"
"31/05/2021","13,190.5","13,022.5","13,526.6","13,022.5","389.93K","-1.87%"
"28/05/2021","13,442.6","13,526.6","13,526.6","13,190.5","328.62K","-0.62%"
"27/05/2021","13,526.6","13,610.6","13,862.6","13,274.5","617.98K","-0.62%"
"26/05/2021","13,610.6","13,190.5","13,694.6","13,190.5","829.50K","3.18%"
"25/05/2021","13,190.5","12,602.4","13,778.6","12,434.4","566.59K","4.67%"
"24/05/2021","12,602.4","12,518.4","12,770.4","12,350.3","355.29K","1.35%"
"21/05/2021","12,434.4","12,182.3","12,770.4","12,182.3","362.98K","0.00%"
"20/05/2021","12,434.4","12,602.4","12,770.4","12,350.3","431.23K","-2.63%"
"19/05/2021","12,770.4","13,022.5","13,106.5","12,602.4","397.47K","-1.94%"
"18/05/2021","13,022.5","12,854.4","13,274.5","12,770.4","388.15K","0.00%"
"17/05/2021","13,022.5","13,274.5","13,442.6","12,854.4","421.83K","-0.64%"
"14/05/2021","13,106.5","12,350.3","13,190.5","12,266.3","825.65K","6.12%"
"13/05/2021","12,350.3","12,266.3","12,602.4","12,182.3","281.15K","0.68%"
"12/05/2021","12,266.3","12,182.3","12,602.4","12,014.3","329.67K","0.69%"
"11/05/2021","12,182.3","12,182.3","12,266.3","12,014.3","385.43K","0.00%"
"10/05/2021","12,182.3","12,350.3","12,350.3","12,014.3","261.26K","-1.36%"
"07/05/2021","12,350.3","12,434.4","12,518.4","12,182.3","321.85K","-1.34%"
"06/05/2021","12,518.4","12,602.4","13,022.5","12,434.4","356.85K","-0.67%"
"05/05/2021","12,602.4","12,434.4","12,770.4","12,182.3","613.93K","1.35%"
"04/05/2021","12,434.4","12,182.3","12,434.4","11,846.3","377.83K","-1.33%"
"29/04/2021","12,602.4","12,770.4","12,770.4","12,350.3","377.32K","0.00%"
"28/04/2021","12,602.4","12,350.3","12,770.4","12,014.3","384.45K","2.04%"
"27/04/2021","12,350.3","12,518.4","12,518.4","11,930.3","240.43K","-0.68%"
"26/04/2021","12,434.4","12,518.4","12,602.4","12,182.3","339.94K","-0.67%"
"23/04/2021","12,518.4","12,518.4","12,602.4","12,098.3","272.11K","0.68%"
"22/04/2021","12,434.4","12,602.4","12,602.4","12,098.3","514.37K","-1.33%"
"20/04/2021","12,602.4","12,434.4","12,686.4","12,266.3","498.42K","1.35%"
"19/04/2021","12,434.4","12,602.4","12,602.4","12,266.3","328.60K","-2.63%"
"16/04/2021","12,770.4","12,854.4","13,274.5","12,266.3","530.70K","-0.65%"
"15/04/2021","12,854.4","13,022.5","13,106.5","12,434.4","939.46K","-1.29%"
"14/04/2021","13,022.5","13,274.5","13,274.5","12,854.4","457.06K","-1.90%"
"13/04/2021","13,274.5","13,610.6","13,610.6","13,106.5","709.33K","-2.47%"
"12/04/2021","13,610.6","13,862.6","13,946.7","13,526.6","362.91K","-1.82%"
"09/04/2021","13,862.6","13,778.6","14,198.7","13,526.6","388.44K","0.61%"
"08/04/2021","13,778.6","13,862.6","14,114.7","13,778.6","255.19K","-1.20%"
"07/04/2021","13,946.7","13,862.6","14,114.7","13,862.6","357.32K","-1.19%"
"06/04/2021","14,114.7","14,030.7","14,114.7","13,778.6","408.37K","-0.59%"
"05/04/2021","14,198.7","14,198.7","14,366.7","13,862.6","430.64K","0.00%"
"02/04/2021","14,198.7","13,694.6","14,786.8","13,694.6","372.79K","3.68%"
"01/04/2021","13,694.6","13,274.5","13,862.6","13,274.5","414.80K","3.16%"
"31/03/2021","13,274.5","13,610.6","13,610.6","13,274.5","384.51K","-2.47%"
"30/03/2021","13,610.6","13,442.6","13,610.6","13,190.5","290.06K","1.25%"
"29/03/2021","13,442.6","13,526.6","13,610.6","13,274.5","357.38K","-0.62%"
"26/03/2021","13,526.6","13,526.6","13,526.6","12,518.4","710.97K","0.00%"
"25/03/2021","13,526.6","13,610.6","13,694.6","13,274.5","530.50K","-0.62%"
"24/03/2021","13,610.6","13,778.6","13,778.6","13,358.5","683.64K","-1.22%"
"23/03/2021","13,778.6","13,694.6","14,030.7","13,442.6","608.76K","1.86%"
"22/03/2021","13,526.6","14,282.7","14,282.7","13,022.5","774.05K","3.21%"
"19/03/2021","13,106.5","13,274.5","13,274.5","12,938.5","405.25K","-1.27%"
"18/03/2021","13,274.5","13,442.6","13,442.6","13,106.5","451.66K","-0.63%"
"17/03/2021","13,358.5","12,938.5","13,442.6","12,770.4","769.97K","3.25%"
"16/03/2021","12,938.5","12,854.4","13,190.5","12,518.4","863.17K","0.65%"
"15/03/2021","12,854.4","12,686.4","12,938.5","12,518.4","474.14K","1.32%"
"12/03/2021","12,686.4","13,022.5","13,358.5","12,602.4","427.56K","-2.58%"
"11/03/2021","13,022.5","12,350.3","13,442.6","12,182.3","730.90K","6.16%"
"10/03/2021","12,266.3","12,434.4","12,518.4","12,014.3","473.41K","0.00%"
"09/03/2021","12,266.3","12,434.4","12,434.4","12,098.3","541.18K","-1.35%"
"08/03/2021","12,434.4","12,602.4","12,938.5","12,014.3","521.13K","2.07%"
"05/03/2021","12,182.3","12,350.3","12,350.3","11,678.2","472.19K","-1.36%"
"04/03/2021","12,350.3","12,686.4","13,274.5","11,846.3","642.03K","-2.00%"
"03/03/2021","12,602.4","11,510.2","12,602.4","11,510.2","1.35M","9.49%"
"02/03/2021","11,510.2","11,342.2","11,510.2","11,258.1","704.65K","2.24%"
"01/03/2021","11,258.1","10,922.1","11,258.1","10,922.1","386.15K","3.08%"
"26/02/2021","10,922.1","10,838.1","10,922.1","10,586.0","458.31K","-1.52%"
"25/02/2021","11,090.1","11,090.1","11,090.1","10,838.1","356.00K","0.76%"
"24/02/2021","11,006.1","11,342.2","11,342.2","10,838.1","579.53K","-2.24%"
"23/02/2021","11,258.1","11,006.1","11,342.2","10,922.1","400.88K","-1.47%"
"22/02/2021","11,426.2","11,510.2","11,678.2","11,006.1","509.68K","-0.73%"
"19/02/2021","11,510.2","10,922.1","11,510.2","10,670.0","1.17M","6.20%"
"18/02/2021","10,838.1","10,754.0","10,922.1","10,586.0","340.53K","0.78%"
"17/02/2021","10,754.0","10,586.0","10,922.1","10,165.9","547.79K","1.59%"
"09/02/2021","10,586.0","10,502.0","11,006.1","10,081.9","375.29K","0.80%"
"08/02/2021","10,502.0","10,586.0","11,258.1","9,997.9","402.07K","1.63%"
"05/02/2021","10,334.0","9,661.8","10,334.0","9,493.8","606.56K","6.96%"
"04/02/2021","9,661.8","9,493.8","9,913.9","9,409.8","638.04K","1.77%"
"03/02/2021","9,493.8","9,241.8","9,661.8","8,989.7","552.51K","1.80%"
"02/02/2021","9,325.8","9,409.8","9,409.8","8,653.6","384.81K","0.91%"
"01/02/2021","9,241.8","9,913.9","9,913.9","8,989.7","441.46K","-5.98%"
"29/01/2021","9,829.9","9,073.7","9,997.9","8,989.7","894.15K","-0.85%"
"28/01/2021","9,913.9","10,670.0","10,670.0","9,913.9","497.05K","-9.92%"
"27/01/2021","11,006.1","11,510.2","11,678.2","10,670.0","728.22K","-4.38%"
"26/01/2021","11,510.2","11,594.2","11,930.3","11,258.1","817.62K","-0.72%"
"25/01/2021","11,594.2","11,510.2","11,678.2","11,174.1","438.37K","1.47%"
"22/01/2021","11,426.2","11,762.2","12,182.3","11,090.1","989.93K","-2.86%"
"21/01/2021","11,762.2","10,922.1","12,014.3","10,754.0","1.49M","7.69%"
"20/01/2021","10,922.1","10,754.0","10,922.1","9,997.9","478.73K","0.78%"
"19/01/2021","10,838.1","11,174.1","11,342.2","10,081.9","984.93K","-3.01%"
"18/01/2021","11,174.1","10,838.1","11,678.2","10,502.0","803.34K","2.31%"
"15/01/2021","10,922.1","11,342.2","11,510.2","10,586.0","659.53K","0.00%"
"14/01/2021","10,922.1","11,090.1","11,174.1","10,502.0","638.30K","-2.26%"
"13/01/2021","11,174.1","11,426.2","11,426.2","10,838.1","652.48K","-2.21%"
"12/01/2021","11,426.2","11,006.1","11,510.2","10,922.1","557.67K","0.74%"
"11/01/2021","11,342.2","11,258.1","11,678.2","10,922.1","480.24K","1.50%"
"08/01/2021","11,174.1","11,006.1","11,510.2","10,334.0","1.03M","1.53%"
"07/01/2021","11,006.1","12,014.3","12,014.3","11,006.1","1.88M","-9.66%"
"06/01/2021","12,182.3","12,518.4","12,602.4","11,846.3","619.47K","-2.68%"
"05/01/2021","12,518.4","12,938.5","12,938.5","12,350.3","600.36K","-1.97%"
"04/01/2021","12,770.4","12,938.5","13,610.6","12,434.4","516.09K","1.33%"